LakeID,LakeNAme,SampleDate,SampleNumber,CageOrder#,CageID,CageID,EpiAFDM,SamplePeriod,EpiWtperM^2,EpiGroRate,EGRperM^2,CtrlDiff,TadDens,TotTadWtMsrdCage,TadWtStart,TadWtEnd,TadWtChange,MFCount,MFDens,MFDensChg,MFPropChg,MFBiomassStart,MFBiomassEnd,MFBiomassChange,meanSampleTemp,totalSampleTemp,light,PctBoulder,PctCobble,PctGravel,PctSand,PctSilt,PctBedrock,elevation
10102,LeConte,2-Aug-09,S2,1,1,1,0.001,16,0.078764965,6.25E-05,0.00492281,-0.003938253,20,59.5,85.1,59.5,-25.6,121,125,-4,-3.2,0.406453,0.5209288,-0.1144758,10.79379252,226.6696429,1950,75,25,0,0,0,0,3213
10102,LeConte,2-Aug-09,S2,2,2,2,0.0027,16,0.212665406,0.00016875,0.013291588,-0.021660381,2,6.2,6.9,6.2,-0.7,100,125,-25,-20,0.406453,0.4305196,-0.0240666,10.79379252,226.6696429,1950,0,0,0,0,100,0,3213
10102,LeConte,2-Aug-09,S2,3,3,3,0.0018,16,0.141776938,0.0001125,0.008861059,-0.017229847,2,4.9,6.4,4.9,-1.5,0,0,0,0,0,0,0,10.79379252,226.6696429,1950,0,0,0,0,100,0,3213
10102,LeConte,2-Aug-09,S2,4,4,4,0.0025,16,0.196912413,0.00015625,0.012307026,0.003445963,0,0,0,0,0,98,125,-27,-21.6,0.406453,0.4219093,-0.0154563,10.79379252,226.6696429,1950,37.5,0,0,0,62.5,0,3213
10102,LeConte,2-Aug-09,S2,5,5,5,0.0013,16,0.102394455,8.13E-05,0.006399653,-0.003445972,0,0,0,0,0,190,250,-60,-24,0.812906,0.8179873,-0.0050813,10.79379252,226.6696429,1950,100,0,0,0,0,0,3213
10102,LeConte,2-Aug-09,S2,6,6,6,0.0008,16,0.063011972,5.00E-05,0.003938248,-0.004430533,20,52.3,73.3,52.3,-21,24,25,-1,-4,0.0812906,0.1033247,-0.0220341,10.79379252,226.6696429,1950,100,0,0,0,0,0,3213
10102,LeConte,2-Aug-09,S2,7,7,7,0.0011,16,0.086641462,6.88E-05,0.005415091,0.001476841,2,6.2,5.7,6.2,0.5,22,25,-3,-12,0.0812906,0.09471432,-0.01342372,10.79379252,226.6696429,1970,0,50,0,0,0,50,3213
10102,LeConte,2-Aug-09,S2,8,8,8,0.001,16,0.078764965,6.25E-05,0.00492281,-0.012307034,10,29.8,35.7,29.8,-5.9,104,125,-21,-16.8,0.406453,0.4477404,-0.0412874,10.79379252,226.6696429,1970,50,25,0,0,0,25,3213
10102,LeConte,2-Aug-09,S2,9,9,9,0.0055,16,0.433207309,0.00034375,0.027075457,-0.025106355,20,57.55,74.6,57.55,-17.05,0,0,0,0,0,0,0,10.79379252,226.6696429,1970,50,0,25,25,0,0,3213
10102,LeConte,2-Aug-09,S2,10,10,10,0.002,16,0.157529931,0.000125,0.009845621,-0.040859348,20,46.9,67.7,46.9,-20.8,190,250,-60,-24,0.812906,0.8179873,-0.0050813,10.79379252,226.6696429,1970,37.5,25,37.5,0,0,0,3213
10102,LeConte,2-Aug-09,S2,11,11,11,0.0036,16,0.283553875,0.000225,0.017722117,0.007876492,0,0,0,0,0,0,0,0,0,0,0,0,10.79379252,226.6696429,1970,37.5,25,37.5,0,0,0,3213
10102,LeConte,2-Aug-09,S2,12,12,12,0.0031,16,0.244171393,0.00019375,0.015260712,0.009845618,10,24.8,34.9,24.8,-10.1,0,0,0,0,0,0,0,10.79379252,226.6696429,1970,0,0,0,0,0,100,3213
10102,LeConte,2-Aug-09,S2,13,13,13,0.0016,16,0.126023945,1.00E-04,0.007876497,-0.003445972,2,7,5.3,7,1.7,192,250,-58,-23.2,0.812906,0.8265977,-0.0136917,10.79379252,226.6696429,1970,0,0,0,0,0,100,3213
10102,LeConte,2-Aug-09,S2,14,14,14,0.0016,16,0.126023945,1.00E-04,0.007876497,0.001969122,10,24.3,34.1,24.3,-9.8,149,250,-101,-40.4,0.812906,0.641473,0.171433,10.79379252,226.6696429,1970,25,0,0,0,0,75,3213
10102,LeConte,2-Aug-09,S2,15,15,15,0.0083,16,0.653749212,0.00051875,0.040859326,0.033967389,0,0,0,0,0,0,0,0,0,0,0,0,10.79379252,226.6696429,1970,100,0,0,0,0,0,3213
10102,LeConte,2-Aug-09,S2,16,16,16,0.0078,16,0.61436673,0.0004875,0.038397921,0.023137202,0,0,0,0,0,21,25,-4,-16,0.0812906,0.09040913,-0.00911853,10.79379252,226.6696429,1970,75,0,0,0,25,0,3213
10102,LeConte,2-Aug-09,S2,17,17,17,0.0025,16,0.196912413,0.00015625,0.012307026,-0.006891943,10,23.8,30.8,23.8,-7,11,25,-14,-56,0.0812906,0.04735716,0.03393344,10.79379252,226.6696429,1970,0,37.5,37.5,0,0,25,3213
10102,LeConte,24-Aug-09,S3,1,1,1,0.0002,23,0.015752993,8.70E-06,0.000684913,-0.005136848,20,49.8,50.4,49.8,-0.6,73,125,-52,-41.6,0.5381496,0.4432272,0.0949224,12.73822464,292.9791667,1950,75,25,0,0,0,0,3213
10102,LeConte,24-Aug-09,S3,2,2,2,0.0014,23,0.110270951,6.09E-05,0.004794389,0.001027367,2,5.5,6.2,5.5,-0.7,58,125,-67,-53.6,0.5381496,0.3521531,0.1859965,12.73822464,292.9791667,1950,0,0,0,0,100,0,3213
10102,LeConte,24-Aug-09,S3,3,3,3,0.0053,23,0.417454316,0.000230435,0.018150188,0.014383166,2,6.1,4.9,6.1,1.2,0,0,0,0,0,0,0,12.73822464,292.9791667,1950,0,0,0,0,100,0,3213
10102,LeConte,24-Aug-09,S3,4,4,4,0.0013,23,0.102394455,5.65E-05,0.004451933,-0.004451937,0,0,0,0,0,82,125,-43,-34.4,0.5381496,0.4978716,0.040278,12.73822464,292.9791667,1950,37.5,0,0,0,62.5,0,3213
10102,LeConte,24-Aug-09,S3,5,5,5,0.0026,23,0.20478891,0.000113043,0.008903866,0.002739649,0,0,0,0,0,171,250,-79,-31.6,1.076299,1.038244,0.038055,12.73822464,292.9791667,1950,100,0,0,0,0,0,3213
10102,LeConte,24-Aug-09,S3,6,6,6,0.0061,23,0.480466289,0.000265217,0.020889839,0.0188351,20,47.3,53.7,47.3,-6.4,11,25,-14,-56,0.1076299,0.06678765,0.04084225,12.73822464,292.9791667,1950,100,0,0,0,0,0,3213
10102,LeConte,24-Aug-09,S3,7,7,7,0.0045,23,0.354442344,0.000195652,0.015410537,0.00821895,2,6.9,6.2,6.9,0.7,7,25,-18,-72,0.1076299,0.04250123,-0.3173824,12.73822464,292.9791667,1970,0,50,0,0,0,50,3213
10102,LeConte,24-Aug-09,S3,8,8,8,0.0041,23,0.322936358,0.000178261,0.014040711,0.008903863,10,22.7,26.4,22.7,-3.7,81,125,-44,-35.2,0.5381496,0.4918,0.0463496,12.73822464,292.9791667,1970,50,25,0,0,0,25,3213
10102,LeConte,24-Aug-09,S3,9,9,9,0.0073,23,0.574984247,0.000317391,0.024999315,0.02054738,20,54.2,53.85,54.2,0.35,0,0,0,0,0,0,0,12.73822464,292.9791667,1970,50,0,25,25,0,0,3213
10102,LeConte,24-Aug-09,S3,10,10,10,0.002,23,0.157529931,8.70E-05,0.006849127,0.001712279,20,49.5,46.4,49.5,3.1,179,250,-71,-28.4,1.076299,1.086817,-0.010518,12.73822464,292.9791667,1970,37.5,25,37.5,0,0,0,3213
10102,LeConte,24-Aug-09,S3,11,11,11,0.0056,23,0.441083806,0.000243478,0.019177557,0.016095448,0,0,0,0,0,0,0,0,0,0,0,0,12.73822464,292.9791667,1970,37.5,25,37.5,0,0,0,3213
10102,LeConte,24-Aug-09,S3,12,12,12,0.0055,23,0.433207309,0.00023913,0.0188351,0.011301057,10,24.1,25.9,24.1,-1.8,0,0,0,0,0,0,0,12.73822464,292.9791667,1970,0,0,0,0,0,100,3213
10102,LeConte,24-Aug-09,S3,13,13,13,0.0014,23,0.110270951,6.09E-05,0.004794389,-0.000342459,2,5.3,7,5.3,-1.7,176,250,-74,-29.6,1.076299,1.068602,0.007697,12.73822464,292.9791667,1970,0,0,0,0,0,100,3213
10102,LeConte,24-Aug-09,S3,14,14,14,0.0009,23,0.070888469,3.91E-05,0.003082107,-0.003424567,10,26.3,24.3,26.3,2,62,250,-188,-75.2,1.076299,0.3764395,0.6998595,12.73822464,292.9791667,1970,25,0,0,0,0,75,3213
10102,LeConte,24-Aug-09,S3,15,15,15,0.009,23,0.708884688,0.000391304,0.030821073,0.024314399,0,0,0,0,0,0,0,0,0,0,0,0,12.73822464,292.9791667,1970,100,0,0,0,0,0,3213
10102,LeConte,24-Aug-09,S3,16,16,16,0.006,23,0.472589792,0.00026087,0.020547382,0.014040708,0,0,0,0,0,15,25,-10,-40,0.1076299,0.09107407,0.01655583,12.73822464,292.9791667,1970,75,0,0,0,25,0,3213
10102,LeConte,24-Aug-09,S3,17,17,17,0.0046,23,0.362318841,0.0002,0.015752993,0.012670884,10,25.4,23.8,25.4,1.6,10,25,-15,-60,0.1076299,0.06071605,0.04691385,12.73822464,292.9791667,1970,0,37.5,37.5,0,0,25,3213
10102,LeConte,12-Sep-09,S4,1,1,1,0.004,19,0.315059861,0.000210526,0.016582098,0.003730966,20,51.3,49.8,51.3,1.5,47,125,-78,-62.4,0.7589506,0.1125558,0.6463948,12.78279506,242.8731061,1950,75,25,0,0,0,0,3213
10102,LeConte,12-Sep-09,S4,2,2,2,0.0045,19,0.354442344,0.000236842,0.01865486,0.011607465,2,6.3,5.5,6.3,0.8,39,125,-86,-68.8,0.7589506,0.0933974,0.6655532,12.78279506,242.8731061,1950,0,0,0,0,100,0,3213
10102,LeConte,12-Sep-09,S4,3,3,3,0.0044,19,0.346565848,0.000231579,0.018240308,0.011192913,2,6,6.1,6,-0.1,0,0,0,0,0,0,0,12.78279506,242.8731061,1950,0,0,0,0,100,0,3213
10102,LeConte,12-Sep-09,S4,4,4,4,0.0036,19,0.283553875,0.000189474,0.014923888,0.011607467,0,0,0,0,0,38,125,-87,-69.6,0.7589506,0.03100259,0.72794801,12.78279506,242.8731061,1950,37.5,0,0,0,62.5,0,3213
10102,LeConte,12-Sep-09,S4,5,5,5,0.002,19,0.157529931,0.000105263,0.008291049,0.002487312,0,0,0,0,0,89,250,-161,-64.4,1.517901,0.2131376,1.3047634,12.78279506,242.8731061,1950,100,0,0,0,0,0,3213
10102,LeConte,12-Sep-09,S4,6,6,6,0.0047,19,0.370195337,0.000247368,0.019483965,0.014094781,20,50.3,47.3,50.3,3,6,25,-19,-76,0.1517901,0.01436883,0.13742127,12.78279506,242.8731061,1950,100,0,0,0,0,0,3213
10102,LeConte,12-Sep-09,S4,7,7,7,0.0043,19,0.338689351,0.000226316,0.017825755,0.009949255,2,5.9,6.9,5.9,-1,8,25,-17,-68,0.1517901,0.01915844,0.13263166,12.78279506,242.8731061,1970,0,50,0,0,0,50,3213
10102,LeConte,12-Sep-09,S4,8,8,8,0.0039,19,0.307183365,0.000205263,0.016167546,0.007461941,10,22.7,22.7,22.7,0,43,125,-82,-65.6,0.7589506,0.1029766,0.655974,12.78279506,242.8731061,1970,50,25,0,0,0,25,3213
10102,LeConte,12-Sep-09,S4,9,9,9,0.0066,19,0.519848771,0.000347368,0.027360462,0.016996646,20,60.1,54.2,60.1,5.9,0,0,0,0,0,0,0,12.78279506,242.8731061,1970,50,0,25,25,0,0,3213
10102,LeConte,12-Sep-09,S4,10,10,10,0.0016,19,0.126023945,8.42E-05,0.006632839,-0.000829108,20,49.5,49.5,49.5,0,113,250,-137,-54.8,1.517901,0.270613,1.247288,12.78279506,242.8731061,1970,37.5,25,37.5,0,0,0,3213
10102,LeConte,12-Sep-09,S4,11,11,11,0.0031,19,0.244171393,0.000163158,0.012851126,0.007047389,0,0,0,0,0,0,0,0,0,0,0,0,12.78279506,242.8731061,1970,37.5,25,37.5,0,0,0,3213
10102,LeConte,12-Sep-09,S4,12,12,12,0.002,19,0.157529931,0.000105263,0.008291049,0.001658207,10,26.3,24.1,26.3,2.2,0,0,0,0,0,0,0,12.78279506,242.8731061,1970,0,0,0,0,0,100,3213
10102,LeConte,12-Sep-09,S4,13,13,13,0.0007,19,0.055135476,3.68E-05,0.002901867,-0.00290187,2,6.4,5.3,6.4,1.1,135,250,-115,-46,1.517901,0.3232987,1.1946023,12.78279506,242.8731061,1970,0,0,0,0,0,100,3213
10102,LeConte,12-Sep-09,S4,14,14,14,0.0013,19,0.102394455,6.84E-05,0.005389182,0.00041455,10,28.9,26.3,28.9,2.6,34,250,-216,-86.4,1.517901,0.08142337,1.43647763,12.78279506,242.8731061,1970,25,0,0,0,0,75,3213
10102,LeConte,12-Sep-09,S4,15,15,15,0.0054,19,0.425330813,0.000284211,0.022385832,0.012851121,0,0,0,0,0,0,0,0,0,0,0,0,12.78279506,242.8731061,1970,100,0,0,0,0,0,3213
10102,LeConte,12-Sep-09,S4,16,16,16,0.0058,19,0.456836799,0.000305263,0.024044042,0.018240305,0,0,0,0,0,0,25,-25,-100,0.1517901,0,0.1517901,12.78279506,242.8731061,1970,75,0,0,0,25,0,3213
10102,LeConte,12-Sep-09,S4,17,17,17,0.0026,19,0.20478891,0.000136842,0.010778364,0.004560075,10,28.6,25.4,28.6,3.2,0,25,-25,-100,0.1517901,0,0.1517901,12.78279506,242.8731061,1970,0,37.5,37.5,0,0,25,3213
10475,Spur,13-Aug-09,S2,1,1,1,0.004,23,0.315059861,0.000173913,0.013698255,0.006506668,20,45.1,60.7,45.1,-15.6,26,250,-224,-89.6,0.421718,0.03617312,0.38554488,15.07682292,361.84375,2000,50,25,25,0,0,0,3510
10475,Spur,13-Aug-09,S2,2,2,2,0.0043,23,0.338689351,0.000186957,0.014725624,0.005136841,20,51.2,65.2,51.2,-14,3,25,-22,-88,0.0421718,0.004173822,0.037997978,15.07682292,361.84375,2000,0,62.5,0,37.5,0,0,3510
10475,Spur,13-Aug-09,S2,3,3,3,0.0037,23,0.291430372,0.00016087,0.012670886,-0.088696244,2,6,4.5,6,1.5,11,125,-114,-91.2,0.2108589,0.01530401,0.19555489,15.07682292,361.84375,2000,0,0,50,0,50,0,3510
10475,Spur,13-Aug-09,S2,4,4,4,0.014,23,1.102709515,0.000608696,0.047943892,-0.053765695,2,6.2,6.3,6.2,-0.1,11,250,-239,-95.6,0.421718,0.01530401,0.40641399,15.07682292,361.84375,2000,0,0,87.5,12.5,0,0,3510
10475,Spur,13-Aug-09,S2,5,5,5,0.002,23,0.157529931,8.70E-05,0.006849127,-0.017807743,20,54.7,67.7,54.7,-13,5,125,-120,-96,0.2108589,0.00695637,0.20390253,15.07682292,361.84375,2000,50,50,0,0,0,0,3510
10475,Spur,13-Aug-09,S2,6,6,6,0.0918,23,7.230623819,0.003991304,0.314374949,0.209583253,0,0,0,0,0,0,0,0,0,0,0,0,15.07682292,361.84375,2000,0,0,62.5,0,37.5,0,3510
10475,Spur,13-Aug-09,S2,7,7,7,0.0398,23,3.134845621,0.001730435,0.136297636,0.029108745,10,24.8,30.4,24.8,-5.6,0,25,-25,-100,0.0421718,0,0.0421718,15.07682292,361.84375,1950,0,0,50,25,25,0,3510
10475,Spur,13-Aug-09,S2,8,8,8,0.0181,23,1.425645873,0.000786957,0.061984603,-0.041779723,0,0,0,0,0,17,250,-233,-93.2,0.421718,0.02365166,0.39806634,15.07682292,361.84375,2000,0,100,0,0,0,0,3510
10475,Spur,13-Aug-09,S2,9,9,9,0.0027,23,0.212665406,0.000117391,0.009246322,-0.001027374,0,0,0,0,0,18,125,-107,-85.6,0.2108589,0.02504293,0.18581597,15.07682292,361.84375,2000,0,50,0,0,50,0,3510
10475,Spur,13-Aug-09,S2,10,10,10,0.0018,23,0.141776938,7.83E-05,0.006164215,-0.001027372,2,1.6,6.1,1.6,-4.5,0,0,0,0,0,0,0,15.07682292,361.84375,2000,0,50,50,0,0,0,3510
10475,Spur,13-Aug-09,S2,11,11,11,0.0025,23,0.196912413,0.000108696,0.008561409,-0.001712287,10,34.1,35.2,34.1,-1.1,0,125,-125,-100,0.2108589,0,0.2108589,15.07682292,361.84375,2000,37.5,62.5,0,0,0,0,3510
10475,Spur,13-Aug-09,S2,12,12,12,0.0051,23,0.401701323,0.000221739,0.017465275,0.007191579,0,0,0,0,0,0,25,-25,-100,0.0421718,0,0.0421718,15.07682292,361.84375,1900,0,100,0,0,0,0,3510
10475,Spur,13-Aug-09,S2,13,13,13,0.0155,23,1.220856963,0.000673913,0.053080738,0.021917195,10,24.8,30.4,24.8,-5.6,0,0,0,0,0,0,0,15.07682292,361.84375,2000,0,25,37.5,0,37.5,0,3510
10475,Spur,13-Aug-09,S2,14,14,14,0.0071,23,0.559231254,0.000308696,0.024314402,0.018150185,0,0,0,0,0,0,0,0,0,0,0,0,15.07682292,361.84375,2000,0,25,75,0,0,0,3510
10475,Spur,13-Aug-09,S2,15,15,15,0.0027,23,0.212665406,0.000117391,0.009246322,-0.035615482,2,3.7,6.7,3.7,-3,0,25,-25,-100,0.0421718,0,0.0421718,15.07682292,361.84375,2000,0,50,50,0,0,0,3510
10475,Spur,13-Aug-09,S2,16,16,16,0.0015,23,0.118147448,6.52E-05,0.005136846,-0.029451263,10,22.2,25.6,22.2,-3.4,14,250,-236,-94.4,0.421718,0.01947783,0.40224017,15.07682292,361.84375,2000,0,100,0,0,0,0,3510
10475,Spur,13-Aug-09,S2,17,17,17,0.0042,23,0.330812854,0.000182609,0.014383168,0.00239719,20,42.9,63.5,42.9,-20.6,0,0,0,0,0,0,0,15.07682292,361.84375,2000,0,25,75,0,0,0,3510
10475,Spur,1-Sep-09,S3,1,1,1,0.0065,18,0.511972275,0.000361111,0.028442904,0.013565071,20,40.1,42.4,40.1,-2.3,51,250,-199,-79.6,0.3478185,0.03435436,0.31346414,14.69791667,293.9583333,2000,50,25,25,0,0,0,3510
10475,Spur,1-Sep-09,S3,2,2,2,0.0076,18,0.598613737,0.000422222,0.033256319,0.021003986,20,29.1,36,29.1,-6.9,11,25,-14,-56,0.03478185,0.007409764,0.027372086,14.69791667,293.9583333,2000,0,62.5,0,37.5,0,0,3510
10475,Spur,1-Sep-09,S3,3,3,3,0.1141,18,8.987082546,0.006338889,0.499282364,0.228855864,2,2.9,3.9,2.9,-1,96,125,-29,-23.2,0.1739092,0.06466703,0.10924217,14.69791667,293.9583333,2000,0,0,50,0,50,0,3510
10475,Spur,1-Sep-09,S3,4,4,4,0.1655,18,13.03560176,0.009194444,0.724200098,0.327749917,2,4.5,4.4,4.5,0.1,136,250,-114,-45.6,0.3478185,0.09161163,0.25620687,14.69791667,293.9583333,2000,0,0,87.5,12.5,0,0,3510
10475,Spur,1-Sep-09,S3,5,5,5,0.007,18,0.551354757,0.000388889,0.03063082,NA,20,47.6,49.5,47.6,-1.9,53,125,-72,-57.6,0.1739092,0.03570159,0.13820761,14.69791667,293.9583333,2000,50,50,0,0,0,0,3510
10475,Spur,1-Sep-09,S3,6,6,6,0.1574,18,12.39760555,0.008744444,0.688755864,0.163218583,0,0,0,0,0,2,0,2,0,0,0.00134723,-0.00134723,14.69791667,293.9583333,2000,0,0,62.5,0,37.5,0,3510
10475,Spur,1-Sep-09,S3,7,7,7,0.042,18,3.308128544,0.002333333,0.183784919,0.125586336,10,15.7,18.7,15.7,-3,6,25,-19,-76,0.03478185,0.00404169,0.03074016,14.69791667,293.9583333,1950,0,0,50,25,25,0,3510
10475,Spur,1-Sep-09,S3,8,8,8,0.1021,18,8.041902962,0.005672222,0.446772387,0.16671925,0,0,0,0,0,180,250,-70,-28,0.3478185,0.1212507,0.2265678,14.69791667,293.9583333,2000,0,100,0,0,0,0,3510
10475,Spur,1-Sep-09,S3,9,9,9,0.0025,18,0.196912413,0.000138889,0.010939579,0.00918925,0,0,0,0,0,86,125,-39,-31.2,0.1739092,0.05793088,0.11597832,14.69791667,293.9583333,2000,0,50,0,0,50,0,3510
10475,Spur,1-Sep-09,S3,10,10,10,0.0043,18,0.338689351,0.000238889,0.018816075,0.004375825,2,5.5,5.2,5.5,0.3,0,0,0,0,0,0,0,14.69791667,293.9583333,2000,0,50,50,0,0,0,3510
10475,Spur,1-Sep-09,S3,11,11,11,0.0049,18,0.38594833,0.000272222,0.021441574,0.013127491,10,23.8,26.3,23.8,-2.5,53,125,-72,-57.6,0.1739092,0.03570159,0.13820761,14.69791667,293.9583333,2000,37.5,62.5,0,0,0,0,3510
10475,Spur,1-Sep-09,S3,12,12,12,0.0032,18,0.252047889,0.000177778,0.014002661,0.000875161,0,0,0,0,0,7,25,-18,-72,0.03478185,0.004715305,0.030066545,14.69791667,293.9583333,1900,0,100,0,0,0,0,3510
10475,Spur,1-Sep-09,S3,13,13,13,0.1052,18,8.286074354,0.005844444,0.460337464,0.428393881,10,14.2,18,14.2,-3.8,0,0,0,0,0,0,0,14.69791667,293.9583333,2000,0,25,37.5,0,37.5,0,3510
10475,Spur,1-Sep-09,S3,14,14,14,0.0011,18,0.086641462,6.11E-05,0.004813415,-0.008314085,0,0,0,0,0,0,0,0,0,0,0,0,14.69791667,293.9583333,2000,0,25,75,0,0,0,3510
10475,Spur,1-Sep-09,S3,15,15,15,0.0038,18,0.299306868,0.000211111,0.016628159,0.006563742,2,5.8,3.7,5.8,2.1,0,25,-25,-100,0.03478185,0,0.03478185,14.69791667,293.9583333,2000,0,50,50,0,0,0,3510
10475,Spur,1-Sep-09,S3,16,16,16,0.0014,18,0.110270951,7.78E-05,0.006126164,-0.010939586,10,20.1,20.77,20.1,-0.67,143,250,-107,-42.8,0.3478185,0.09632694,0.25149156,14.69791667,293.9583333,2000,0,100,0,0,0,0,3510
10475,Spur,1-Sep-09,S3,17,17,17,0.0048,18,0.378071834,0.000266667,0.021003991,0.015752991,20,32,31.8,32,0.2,0,0,0,0,0,0,0,14.69791667,293.9583333,2000,0,25,75,0,0,0,3510
10475,Spur,20-Sep-09,S4,1,1,1,0.0249,18,1.961247637,0.001383333,0.108958202,0.046383785,20,31.3,40.6,31.3,-9.3,133,250,-117,-46.8,0.1684037,0.1147451,0.0536586,13.24494048,185.4291667,2000,50,25,25,0,0,0,3510
10475,Spur,20-Sep-09,S4,2,2,2,0.002,18,0.157529931,0.000111111,0.008751663,-0.010502004,20,28.4,29.1,28.4,-0.7,21,25,-4,-16,0.01684037,0.01811765,-0.00127728,13.24494048,185.4291667,2000,0,62.5,0,37.5,0,0,3510
10475,Spur,20-Sep-09,S4,3,3,3,0.0087,18,0.685255198,0.000483333,0.038069733,0.02975565,2,3.5,2.9,3.5,0.6,115,125,-10,-8,0.08420187,0.0992157,-0.01501383,13.24494048,185.4291667,2000,0,0,50,0,50,0,3510
10475,Spur,20-Sep-09,S4,4,4,4,0.1246,18,9.814114682,0.006922222,0.545228593,0.062136833,2,4.7,4.5,4.7,0.2,183,250,-67,-26.8,0.1684037,0.1578824,0.0105213,13.24494048,185.4291667,2000,0,0,87.5,12.5,0,0,3510
10475,Spur,20-Sep-09,S4,5,5,5,0.0037,18,0.291430372,0.000205556,0.016190576,0.017940917,20,43.9,49.7,43.9,-5.8,83,125,-42,-33.6,0.08420187,0.07160786,0.01259401,13.24494048,185.4291667,2000,50,50,0,0,0,0,3510
10475,Spur,20-Sep-09,S4,6,6,6,0.0764,18,6.017643352,0.004244444,0.33431352,0.23235675,0,0,0,0,0,0,0,0,0,0,0,0,13.24494048,185.4291667,2000,0,0,62.5,0,37.5,0,3510
10475,Spur,20-Sep-09,S4,7,7,7,0.0117,18,0.921550095,0.00065,0.051197227,-0.03106844,10,14.9,15.7,14.9,-0.8,28,25,3,12,0.01684037,0.02415687,-0.0073165,13.24494048,185.4291667,1950,0,0,50,25,25,0,3510
10475,Spur,20-Sep-09,S4,8,8,8,0.022,18,1.732829238,0.001222222,0.096268291,0.075264291,0,0,0,0,0,204,250,-46,-18.4,0.1684037,0.0176,0.1508037,13.24494048,185.4291667,2000,0,100,0,0,0,0,3510
10475,Spur,20-Sep-09,S4,9,9,9,0.0013,18,0.102394455,7.22E-05,0.005688581,-0.003938252,0,0,0,0,0,113,125,-12,-9.6,0.08420187,0.09749022,-0.01328835,13.24494048,185.4291667,2000,0,50,0,0,50,0,3510
10475,Spur,20-Sep-09,S4,10,10,10,0.0022,18,0.173282924,0.000122222,0.009626829,0.005250996,2,5.6,5.5,5.6,0.1,0,0,0,0,0,0,0,13.24494048,185.4291667,2000,0,50,50,0,0,0,3510
10475,Spur,20-Sep-09,S4,11,11,11,0.0022,18,0.173282924,0.000122222,0.009626829,0.002625496,10,20.8,24.8,20.8,-4,61,125,-64,-51.2,0.08420187,0.05262746,0.03157441,13.24494048,185.4291667,2000,37.5,62.5,0,0,0,0,3510
10475,Spur,20-Sep-09,S4,12,12,12,0.003,18,0.236294896,0.000166667,0.013127494,0.006563744,0,0,0,0,0,17,25,-8,-32,0.01684037,0.01466667,0.0021737,13.24494048,185.4291667,1900,0,100,0,0,0,0,3510
10475,Spur,20-Sep-09,S4,13,13,13,0.0109,18,0.858538122,0.000605556,0.047696562,0.028880479,10,14.4,14.2,14.4,0.2,0,0,0,0,0,0,0,13.24494048,185.4291667,2000,0,25,37.5,0,37.5,0,3510
10475,Spur,20-Sep-09,S4,14,14,14,0.0032,18,0.252047889,0.000177778,0.014002661,0.005688578,0,0,0,0,0,0,0,0,0,0,0,0,13.24494048,185.4291667,2000,0,25,75,0,0,0,3510
10475,Spur,20-Sep-09,S4,15,15,15,0.0054,18,0.425330813,0.0003,0.02362949,0.015315407,2,5,5.8,5,-0.8,36,25,11,44,0.01684037,0.03105883,-0.01421846,13.24494048,185.4291667,2000,0,50,50,0,0,0,3510
10475,Spur,20-Sep-09,S4,16,16,16,0.0012,18,0.094517958,6.67E-05,0.005250998,0.0026255,10,17.4,19.5,17.4,-2.1,157,250,-93,-37.2,0.1684037,0.135451,0.0329527,13.24494048,185.4291667,2000,0,100,0,0,0,0,3510
10475,Spur,20-Sep-09,S4,17,17,17,0.0035,18,0.275677379,0.000194444,0.01531541,0.00350066,20,26.3,32.1,26.3,-5.8,0,0,0,0,0,0,0,13.24494048,185.4291667,2000,0,25,75,0,0,0,3510
